{
  "Trades": 101,
  "PF": 1.3257501148972666,
  "WinRate": 0.40594059405940597,
  "NetProfit": 19.8460000000009,
  "MaxDD": -9.449999999999857
}